8.000000000000000000e+00,0.000000000000000000e+00,9.000000000000000000e+01
8.000000000000000000e+00,0.000000000000000000e+00,9.000000000000000000e+01
8.000000000000000000e+00,0.000000000000000000e+00,9.000000000000000000e+01
8.000000000000000000e+00,0.000000000000000000e+00,9.000000000000000000e+01
8.000000000000000000e+00,0.000000000000000000e+00,9.000000000000000000e+01
8.000000000000000000e+00,0.000000000000000000e+00,9.000000000000000000e+01
8.000000000000000000e+00,0.000000000000000000e+00,9.000000000000000000e+01
8.000000000000000000e+00,0.000000000000000000e+00,9.000000000000000000e+01
8.000000000000000000e+00,0.000000000000000000e+00,9.000000000000000000e+01
8.000000000000000000e+00,0.000000000000000000e+00,9.000000000000000000e+01
8.000000000000000000e+00,0.000000000000000000e+00,9.000000000000000000e+01
8.000000000000000000e+00,1.518987341772151944e-01,9.000000000000000000e+01
8.000000000000000000e+00,3.037974683544303889e-01,9.000000000000000000e+01
8.000000000000000000e+00,4.556962025316455556e-01,9.000000000000000000e+01
8.000000000000000000e+00,6.075949367088607778e-01,9.000000000000000000e+01
8.000000000000000000e+00,7.594936708860760000e-01,9.000000000000000000e+01
8.000000000000000000e+00,9.113924050632911111e-01,9.000000000000000000e+01
8.000000000000000000e+00,1.063291139240506444e+00,9.000000000000000000e+01
8.000000000000000000e+00,1.215189873417721556e+00,9.000000000000000000e+01
8.000000000000000000e+00,1.367088607594936667e+00,9.000000000000000000e+01
8.000000000000000000e+00,1.518987341772152000e+00,9.000000000000000000e+01
8.000000000000000000e+00,1.670886075949367111e+00,9.000000000000000000e+01
8.000000000000000000e+00,1.822784810126582222e+00,9.000000000000000000e+01
8.000000000000000000e+00,1.974683544303797555e+00,9.000000000000000000e+01
8.000000000000000000e+00,2.126582278481012889e+00,9.000000000000000000e+01
8.000000000000000000e+00,2.278481012658228000e+00,9.000000000000000000e+01
8.000000000000000000e+00,2.430379746835443111e+00,9.000000000000000000e+01
8.000000000000000000e+00,2.582278481012658222e+00,9.000000000000000000e+01
8.000000000000000000e+00,2.734177215189873333e+00,9.000000000000000000e+01
8.000000000000000000e+00,2.886075949367088889e+00,9.000000000000000000e+01
8.000000000000000000e+00,3.037974683544304000e+00,9.000000000000000000e+01
8.000000000000000000e+00,3.189873417721519111e+00,9.000000000000000000e+01
8.000000000000000000e+00,3.341772151898734222e+00,9.000000000000000000e+01
8.000000000000000000e+00,3.493670886075949333e+00,9.000000000000000000e+01
8.000000000000000000e+00,3.645569620253164445e+00,9.000000000000000000e+01
8.000000000000000000e+00,3.797468354430380000e+00,9.000000000000000000e+01
8.000000000000000000e+00,3.949367088607595111e+00,9.000000000000000000e+01
8.000000000000000000e+00,4.101265822784810666e+00,9.000000000000000000e+01
8.000000000000000000e+00,4.253164556962025777e+00,9.000000000000000000e+01
8.000000000000000000e+00,4.405063291139240889e+00,9.000000000000000000e+01
8.000000000000000000e+00,4.556962025316456000e+00,9.000000000000000000e+01
8.000000000000000000e+00,4.708860759493671111e+00,9.000000000000000000e+01
8.000000000000000000e+00,4.860759493670886222e+00,9.000000000000000000e+01
8.000000000000000000e+00,5.012658227848101333e+00,9.000000000000000000e+01
8.000000000000000000e+00,5.164556962025316444e+00,9.000000000000000000e+01
8.000000000000000000e+00,5.316455696202531556e+00,9.000000000000000000e+01
8.000000000000000000e+00,5.468354430379746667e+00,9.000000000000000000e+01
8.000000000000000000e+00,5.620253164556961778e+00,9.000000000000000000e+01
8.000000000000000000e+00,5.772151898734177777e+00,9.000000000000000000e+01
8.000000000000000000e+00,5.924050632911392889e+00,9.000000000000000000e+01
8.000000000000000000e+00,6.075949367088608000e+00,9.000000000000000000e+01
8.000000000000000000e+00,6.227848101265823111e+00,9.000000000000000000e+01
8.000000000000000000e+00,6.379746835443038222e+00,9.000000000000000000e+01
8.000000000000000000e+00,6.531645569620253333e+00,9.000000000000000000e+01
8.000000000000000000e+00,6.683544303797468444e+00,9.000000000000000000e+01
8.000000000000000000e+00,6.835443037974683556e+00,9.000000000000000000e+01
8.000000000000000000e+00,6.987341772151898667e+00,9.000000000000000000e+01
8.000000000000000000e+00,7.139240506329113778e+00,9.000000000000000000e+01
8.000000000000000000e+00,7.291139240506328889e+00,9.000000000000000000e+01
8.000000000000000000e+00,7.443037974683544888e+00,9.000000000000000000e+01
8.000000000000000000e+00,7.594936708860760000e+00,9.000000000000000000e+01
8.000000000000000000e+00,7.746835443037975111e+00,9.000000000000000000e+01
8.000000000000000000e+00,7.898734177215190222e+00,9.000000000000000000e+01
8.000000000000000000e+00,8.050632911392405333e+00,9.000000000000000000e+01
8.000000000000000000e+00,8.202531645569621332e+00,9.000000000000000000e+01
8.000000000000000000e+00,8.354430379746835555e+00,9.000000000000000000e+01
8.000000000000000000e+00,8.506329113924051555e+00,9.000000000000000000e+01
8.000000000000000000e+00,8.658227848101265778e+00,9.000000000000000000e+01
8.000000000000000000e+00,8.810126582278481777e+00,9.000000000000000000e+01
8.000000000000000000e+00,8.962025316455696000e+00,9.000000000000000000e+01
8.000000000000000000e+00,9.113924050632912000e+00,9.000000000000000000e+01
8.000000000000000000e+00,9.265822784810126223e+00,9.000000000000000000e+01
8.000000000000000000e+00,9.417721518987342222e+00,9.000000000000000000e+01
8.000000000000000000e+00,9.569620253164556445e+00,9.000000000000000000e+01
8.000000000000000000e+00,9.721518987341772444e+00,9.000000000000000000e+01
8.000000000000000000e+00,9.873417721518988444e+00,9.000000000000000000e+01
8.000000000000000000e+00,1.002531645569620267e+01,9.000000000000000000e+01
8.000000000000000000e+00,1.017721518987341867e+01,9.000000000000000000e+01
8.000000000000000000e+00,1.032911392405063289e+01,9.000000000000000000e+01
8.000000000000000000e+00,1.048101265822784889e+01,9.000000000000000000e+01
8.000000000000000000e+00,1.063291139240506311e+01,9.000000000000000000e+01
8.000000000000000000e+00,1.078481012658227911e+01,9.000000000000000000e+01
8.000000000000000000e+00,1.093670886075949333e+01,9.000000000000000000e+01
8.000000000000000000e+00,1.108860759493670933e+01,9.000000000000000000e+01
8.000000000000000000e+00,1.124050632911392356e+01,9.000000000000000000e+01
8.000000000000000000e+00,1.139240506329113956e+01,9.000000000000000000e+01
8.000000000000000000e+00,1.154430379746835555e+01,9.000000000000000000e+01
8.000000000000000000e+00,1.169620253164556978e+01,9.000000000000000000e+01
8.000000000000000000e+00,1.184810126582278578e+01,9.000000000000000000e+01
8.000000000000000000e+00,1.200000000000000000e+01,9.000000000000000000e+01
8.000000000000000000e+00,1.200000000000000000e+01,1.800000000000000000e+02
8.000000000000000000e+00,1.200000000000000000e+01,1.800000000000000000e+02
8.000000000000000000e+00,1.200000000000000000e+01,1.800000000000000000e+02
8.000000000000000000e+00,1.200000000000000000e+01,1.800000000000000000e+02
8.000000000000000000e+00,1.200000000000000000e+01,1.800000000000000000e+02
8.000000000000000000e+00,1.200000000000000000e+01,1.800000000000000000e+02
8.000000000000000000e+00,1.200000000000000000e+01,1.800000000000000000e+02
8.000000000000000000e+00,1.200000000000000000e+01,1.800000000000000000e+02
8.000000000000000000e+00,1.200000000000000000e+01,1.800000000000000000e+02
8.000000000000000000e+00,1.200000000000000000e+01,1.800000000000000000e+02
8.000000000000000000e+00,1.200000000000000000e+01,1.800000000000000000e+02
8.000000000000000000e+00,1.200000000000000000e+01,1.800000000000000000e+02
8.000000000000000000e+00,1.200000000000000000e+01,1.800000000000000000e+02
8.000000000000000000e+00,1.200000000000000000e+01,1.800000000000000000e+02
8.000000000000000000e+00,1.200000000000000000e+01,1.800000000000000000e+02
8.000000000000000000e+00,1.200000000000000000e+01,1.800000000000000000e+02
8.000000000000000000e+00,1.200000000000000000e+01,1.800000000000000000e+02
8.000000000000000000e+00,1.200000000000000000e+01,1.800000000000000000e+02
8.000000000000000000e+00,1.200000000000000000e+01,1.800000000000000000e+02
8.000000000000000000e+00,1.200000000000000000e+01,1.800000000000000000e+02
8.000000000000000000e+00,1.200000000000000000e+01,1.800000000000000000e+02
8.000000000000000000e+00,1.200000000000000000e+01,1.800000000000000000e+02
8.000000000000000000e+00,1.200000000000000000e+01,1.800000000000000000e+02
8.000000000000000000e+00,1.200000000000000000e+01,1.800000000000000000e+02
8.000000000000000000e+00,1.200000000000000000e+01,1.800000000000000000e+02
8.000000000000000000e+00,1.200000000000000000e+01,1.800000000000000000e+02
8.000000000000000000e+00,1.200000000000000000e+01,1.800000000000000000e+02
8.000000000000000000e+00,1.200000000000000000e+01,1.800000000000000000e+02
8.000000000000000000e+00,1.200000000000000000e+01,1.800000000000000000e+02
8.000000000000000000e+00,1.200000000000000000e+01,1.800000000000000000e+02
8.000000000000000000e+00,1.200000000000000000e+01,1.800000000000000000e+02
8.000000000000000000e+00,1.200000000000000000e+01,1.800000000000000000e+02
8.000000000000000000e+00,1.200000000000000000e+01,1.800000000000000000e+02
8.000000000000000000e+00,1.200000000000000000e+01,1.800000000000000000e+02
8.000000000000000000e+00,1.200000000000000000e+01,1.800000000000000000e+02
8.000000000000000000e+00,1.200000000000000000e+01,1.800000000000000000e+02
8.000000000000000000e+00,1.200000000000000000e+01,1.800000000000000000e+02
8.000000000000000000e+00,1.200000000000000000e+01,1.800000000000000000e+02
8.000000000000000000e+00,1.200000000000000000e+01,1.800000000000000000e+02
8.000000000000000000e+00,1.200000000000000000e+01,1.800000000000000000e+02
8.000000000000000000e+00,1.200000000000000000e+01,1.800000000000000000e+02
8.000000000000000000e+00,1.200000000000000000e+01,1.800000000000000000e+02
8.000000000000000000e+00,1.200000000000000000e+01,1.800000000000000000e+02
8.000000000000000000e+00,1.200000000000000000e+01,1.800000000000000000e+02
8.000000000000000000e+00,1.200000000000000000e+01,1.800000000000000000e+02
8.000000000000000000e+00,1.200000000000000000e+01,1.800000000000000000e+02
8.000000000000000000e+00,1.200000000000000000e+01,1.800000000000000000e+02
8.000000000000000000e+00,1.200000000000000000e+01,1.800000000000000000e+02
8.000000000000000000e+00,1.200000000000000000e+01,1.800000000000000000e+02
8.000000000000000000e+00,1.200000000000000000e+01,1.800000000000000000e+02
8.000000000000000000e+00,1.200000000000000000e+01,1.800000000000000000e+02
8.000000000000000000e+00,1.200000000000000000e+01,1.800000000000000000e+02
8.000000000000000000e+00,1.200000000000000000e+01,1.800000000000000000e+02
8.000000000000000000e+00,1.200000000000000000e+01,1.800000000000000000e+02
8.000000000000000000e+00,1.200000000000000000e+01,1.800000000000000000e+02
8.000000000000000000e+00,1.200000000000000000e+01,1.800000000000000000e+02
8.000000000000000000e+00,1.200000000000000000e+01,1.800000000000000000e+02
8.000000000000000000e+00,1.200000000000000000e+01,1.800000000000000000e+02
8.000000000000000000e+00,1.200000000000000000e+01,1.800000000000000000e+02
8.000000000000000000e+00,1.200000000000000000e+01,1.800000000000000000e+02
8.000000000000000000e+00,1.200000000000000000e+01,1.800000000000000000e+02
7.851351351351351759e+00,1.200000000000000000e+01,1.800000000000000000e+02
7.702702702702702631e+00,1.200000000000000000e+01,1.800000000000000000e+02
7.554054054054054390e+00,1.200000000000000000e+01,1.800000000000000000e+02
7.405405405405405261e+00,1.200000000000000000e+01,1.800000000000000000e+02
7.256756756756757021e+00,1.200000000000000000e+01,1.800000000000000000e+02
7.108108108108107892e+00,1.200000000000000000e+01,1.800000000000000000e+02
6.959459459459459651e+00,1.200000000000000000e+01,1.800000000000000000e+02
6.810810810810810523e+00,1.200000000000000000e+01,1.800000000000000000e+02
6.662162162162162282e+00,1.200000000000000000e+01,1.800000000000000000e+02
6.513513513513513153e+00,1.200000000000000000e+01,1.800000000000000000e+02
6.364864864864864913e+00,1.200000000000000000e+01,1.800000000000000000e+02
6.216216216216215784e+00,1.200000000000000000e+01,1.800000000000000000e+02
6.067567567567567544e+00,1.200000000000000000e+01,1.800000000000000000e+02
5.918918918918919303e+00,1.200000000000000000e+01,1.800000000000000000e+02
5.770270270270270174e+00,1.200000000000000000e+01,1.800000000000000000e+02
5.621621621621621046e+00,1.200000000000000000e+01,1.800000000000000000e+02
5.472972972972972805e+00,1.200000000000000000e+01,1.800000000000000000e+02
5.324324324324324564e+00,1.200000000000000000e+01,1.800000000000000000e+02
5.175675675675675436e+00,1.200000000000000000e+01,1.800000000000000000e+02
5.027027027027026307e+00,1.200000000000000000e+01,1.800000000000000000e+02
4.878378378378378066e+00,1.200000000000000000e+01,1.800000000000000000e+02
4.729729729729729826e+00,1.200000000000000000e+01,1.800000000000000000e+02
4.581081081081080697e+00,1.200000000000000000e+01,1.800000000000000000e+02
4.432432432432432456e+00,1.200000000000000000e+01,1.800000000000000000e+02
4.283783783783784216e+00,1.200000000000000000e+01,1.800000000000000000e+02
4.135135135135135087e+00,1.200000000000000000e+01,1.800000000000000000e+02
3.986486486486485958e+00,1.200000000000000000e+01,1.800000000000000000e+02
3.837837837837837718e+00,1.200000000000000000e+01,1.800000000000000000e+02
3.689189189189188589e+00,1.200000000000000000e+01,1.800000000000000000e+02
3.540540540540540349e+00,1.200000000000000000e+01,1.800000000000000000e+02
3.391891891891891220e+00,1.200000000000000000e+01,1.800000000000000000e+02
3.243243243243242979e+00,1.200000000000000000e+01,1.800000000000000000e+02
3.094594594594594739e+00,1.200000000000000000e+01,1.800000000000000000e+02
2.945945945945945610e+00,1.200000000000000000e+01,1.800000000000000000e+02
2.797297297297297369e+00,1.200000000000000000e+01,1.800000000000000000e+02
2.648648648648648241e+00,1.200000000000000000e+01,1.800000000000000000e+02
2.500000000000000000e+00,1.200000000000000000e+01,1.800000000000000000e+02
2.351351351351350871e+00,1.200000000000000000e+01,1.800000000000000000e+02
2.202702702702702631e+00,1.200000000000000000e+01,1.800000000000000000e+02
2.054054054054053502e+00,1.200000000000000000e+01,1.800000000000000000e+02
1.905405405405405261e+00,1.200000000000000000e+01,1.800000000000000000e+02
1.756756756756756133e+00,1.200000000000000000e+01,1.800000000000000000e+02
1.608108108108107892e+00,1.200000000000000000e+01,1.800000000000000000e+02
1.459459459459458763e+00,1.200000000000000000e+01,1.800000000000000000e+02
1.310810810810810523e+00,1.200000000000000000e+01,1.800000000000000000e+02
1.162162162162161394e+00,1.200000000000000000e+01,1.800000000000000000e+02
1.013513513513513153e+00,1.200000000000000000e+01,1.800000000000000000e+02
8.648648648648649129e-01,1.200000000000000000e+01,1.800000000000000000e+02
7.162162162162157841e-01,1.200000000000000000e+01,1.800000000000000000e+02
5.675675675675675436e-01,1.200000000000000000e+01,1.800000000000000000e+02
4.189189189189184148e-01,1.200000000000000000e+01,1.800000000000000000e+02
2.702702702702701743e-01,1.200000000000000000e+01,1.800000000000000000e+02
1.216216216216210455e-01,1.200000000000000000e+01,1.800000000000000000e+02
-2.702702702702808324e-02,1.200000000000000000e+01,1.800000000000000000e+02
-1.756756756756754356e-01,1.200000000000000000e+01,1.800000000000000000e+02
-3.243243243243245644e-01,1.200000000000000000e+01,1.800000000000000000e+02
-4.729729729729736931e-01,1.200000000000000000e+01,1.800000000000000000e+02
-6.216216216216228219e-01,1.200000000000000000e+01,1.800000000000000000e+02
-7.702702702702701743e-01,1.200000000000000000e+01,1.800000000000000000e+02
-9.189189189189193030e-01,1.200000000000000000e+01,1.800000000000000000e+02
-1.067567567567568432e+00,1.200000000000000000e+01,1.800000000000000000e+02
-1.216216216216217560e+00,1.200000000000000000e+01,1.800000000000000000e+02
-1.364864864864864913e+00,1.200000000000000000e+01,1.800000000000000000e+02
-1.513513513513514042e+00,1.200000000000000000e+01,1.800000000000000000e+02
-1.662162162162163170e+00,1.200000000000000000e+01,1.800000000000000000e+02
-1.810810810810810523e+00,1.200000000000000000e+01,1.800000000000000000e+02
-1.959459459459459651e+00,1.200000000000000000e+01,1.800000000000000000e+02
-2.108108108108108780e+00,1.200000000000000000e+01,1.800000000000000000e+02
-2.256756756756757909e+00,1.200000000000000000e+01,1.800000000000000000e+02
-2.405405405405405261e+00,1.200000000000000000e+01,1.800000000000000000e+02
-2.554054054054054390e+00,1.200000000000000000e+01,1.800000000000000000e+02
-2.702702702702703519e+00,1.200000000000000000e+01,1.800000000000000000e+02
-2.851351351351352648e+00,1.200000000000000000e+01,1.800000000000000000e+02
-3.000000000000000000e+00,1.200000000000000000e+01,1.800000000000000000e+02
-3.000000000000000000e+00,1.200000000000000000e+01,2.700000000000000000e+02
-3.000000000000000000e+00,1.200000000000000000e+01,2.700000000000000000e+02
-3.000000000000000000e+00,1.200000000000000000e+01,2.700000000000000000e+02
-3.000000000000000000e+00,1.200000000000000000e+01,2.700000000000000000e+02
-3.000000000000000000e+00,1.200000000000000000e+01,2.700000000000000000e+02
-3.000000000000000000e+00,1.200000000000000000e+01,2.700000000000000000e+02
-3.000000000000000000e+00,1.200000000000000000e+01,2.700000000000000000e+02
-3.000000000000000000e+00,1.200000000000000000e+01,2.700000000000000000e+02
-3.000000000000000000e+00,1.200000000000000000e+01,2.700000000000000000e+02
-3.000000000000000000e+00,1.200000000000000000e+01,2.700000000000000000e+02
-3.000000000000000000e+00,1.200000000000000000e+01,2.700000000000000000e+02
-3.000000000000000000e+00,1.200000000000000000e+01,2.700000000000000000e+02
-3.000000000000000000e+00,1.200000000000000000e+01,2.700000000000000000e+02
-3.000000000000000000e+00,1.200000000000000000e+01,2.700000000000000000e+02
-3.000000000000000000e+00,1.200000000000000000e+01,2.700000000000000000e+02
-3.000000000000000000e+00,1.200000000000000000e+01,2.700000000000000000e+02
-3.000000000000000000e+00,1.200000000000000000e+01,2.700000000000000000e+02
-3.000000000000000000e+00,1.200000000000000000e+01,2.700000000000000000e+02
-3.000000000000000000e+00,1.200000000000000000e+01,2.700000000000000000e+02
-3.000000000000000000e+00,1.200000000000000000e+01,2.700000000000000000e+02
-3.000000000000000000e+00,1.200000000000000000e+01,2.700000000000000000e+02
-3.000000000000000000e+00,1.200000000000000000e+01,2.700000000000000000e+02
-3.000000000000000000e+00,1.200000000000000000e+01,2.700000000000000000e+02
-3.000000000000000000e+00,1.200000000000000000e+01,2.700000000000000000e+02
-3.000000000000000000e+00,1.200000000000000000e+01,2.700000000000000000e+02
-3.000000000000000000e+00,1.200000000000000000e+01,2.700000000000000000e+02
-3.000000000000000000e+00,1.182608695652173836e+01,2.700000000000000000e+02
-3.000000000000000000e+00,1.165217391304347849e+01,2.700000000000000000e+02
-3.000000000000000000e+00,1.147826086956521685e+01,2.700000000000000000e+02
-3.000000000000000000e+00,1.130434782608695699e+01,2.700000000000000000e+02
-3.000000000000000000e+00,1.113043478260869534e+01,2.700000000000000000e+02
-3.000000000000000000e+00,1.095652173913043548e+01,2.700000000000000000e+02
-3.000000000000000000e+00,1.078260869565217384e+01,2.700000000000000000e+02
-3.000000000000000000e+00,1.060869565217391397e+01,2.700000000000000000e+02
-3.000000000000000000e+00,1.043478260869565233e+01,2.700000000000000000e+02
-3.000000000000000000e+00,1.026086956521739069e+01,2.700000000000000000e+02
-3.000000000000000000e+00,1.008695652173913082e+01,2.700000000000000000e+02
-3.000000000000000000e+00,9.913043478260869179e+00,2.700000000000000000e+02
-3.000000000000000000e+00,9.739130434782609314e+00,2.700000000000000000e+02
-3.000000000000000000e+00,9.565217391304347672e+00,2.700000000000000000e+02
-3.000000000000000000e+00,9.391304347826086030e+00,2.700000000000000000e+02
-3.000000000000000000e+00,9.217391304347826164e+00,2.700000000000000000e+02
-3.000000000000000000e+00,9.043478260869566299e+00,2.700000000000000000e+02
-3.000000000000000000e+00,8.869565217391304657e+00,2.700000000000000000e+02
-3.000000000000000000e+00,8.695652173913043015e+00,2.700000000000000000e+02
-3.000000000000000000e+00,8.521739130434783149e+00,2.700000000000000000e+02
-3.000000000000000000e+00,8.347826086956521507e+00,2.700000000000000000e+02
-3.000000000000000000e+00,8.173913043478261642e+00,2.700000000000000000e+02
-3.000000000000000000e+00,8.000000000000000000e+00,2.700000000000000000e+02
-3.000000000000000000e+00,7.826086956521739246e+00,2.700000000000000000e+02
-3.000000000000000000e+00,7.652173913043478493e+00,2.700000000000000000e+02
-3.000000000000000000e+00,7.478260869565217739e+00,2.700000000000000000e+02
-3.000000000000000000e+00,7.304347826086956985e+00,2.700000000000000000e+02
-3.000000000000000000e+00,7.130434782608695343e+00,2.700000000000000000e+02
-3.000000000000000000e+00,6.956521739130434590e+00,2.700000000000000000e+02
-3.000000000000000000e+00,6.782608695652173836e+00,2.700000000000000000e+02
-3.000000000000000000e+00,6.608695652173913082e+00,2.700000000000000000e+02
-3.000000000000000000e+00,6.434782608695652328e+00,2.700000000000000000e+02
-3.000000000000000000e+00,6.260869565217391575e+00,2.700000000000000000e+02
-3.000000000000000000e+00,6.086956521739130821e+00,2.700000000000000000e+02
-3.000000000000000000e+00,5.913043478260870067e+00,2.700000000000000000e+02
-3.000000000000000000e+00,5.739130434782609314e+00,2.700000000000000000e+02
-3.000000000000000000e+00,5.565217391304347672e+00,2.700000000000000000e+02
-3.000000000000000000e+00,5.391304347826086918e+00,2.700000000000000000e+02
-3.000000000000000000e+00,5.217391304347826164e+00,2.700000000000000000e+02
-3.000000000000000000e+00,5.043478260869565410e+00,2.700000000000000000e+02
-3.000000000000000000e+00,4.869565217391304657e+00,2.700000000000000000e+02
-3.000000000000000000e+00,4.695652173913043903e+00,2.700000000000000000e+02
-3.000000000000000000e+00,4.521739130434783149e+00,2.700000000000000000e+02
-3.000000000000000000e+00,4.347826086956521507e+00,2.700000000000000000e+02
-3.000000000000000000e+00,4.173913043478260754e+00,2.700000000000000000e+02
-3.000000000000000000e+00,4.000000000000000000e+00,2.700000000000000000e+02
-3.000000000000000000e+00,3.826086956521740134e+00,2.700000000000000000e+02
-3.000000000000000000e+00,3.652173913043478493e+00,2.700000000000000000e+02
-3.000000000000000000e+00,3.478260869565216851e+00,2.700000000000000000e+02
-3.000000000000000000e+00,3.304347826086956985e+00,2.700000000000000000e+02
-3.000000000000000000e+00,3.130434782608695343e+00,2.700000000000000000e+02
-3.000000000000000000e+00,2.956521739130435478e+00,2.700000000000000000e+02
-3.000000000000000000e+00,2.782608695652173836e+00,2.700000000000000000e+02
-3.000000000000000000e+00,2.608695652173913970e+00,2.700000000000000000e+02
-3.000000000000000000e+00,2.434782608695652328e+00,2.700000000000000000e+02
-3.000000000000000000e+00,2.260869565217390686e+00,2.700000000000000000e+02
-3.000000000000000000e+00,2.086956521739130821e+00,2.700000000000000000e+02
-3.000000000000000000e+00,1.913043478260869179e+00,2.700000000000000000e+02
-3.000000000000000000e+00,1.739130434782609314e+00,2.700000000000000000e+02
-3.000000000000000000e+00,1.565217391304347672e+00,2.700000000000000000e+02
-3.000000000000000000e+00,1.391304347826087806e+00,2.700000000000000000e+02
-3.000000000000000000e+00,1.217391304347826164e+00,2.700000000000000000e+02
-3.000000000000000000e+00,1.043478260869566299e+00,2.700000000000000000e+02
-3.000000000000000000e+00,8.695652173913046568e-01,2.700000000000000000e+02
-3.000000000000000000e+00,6.956521739130430149e-01,2.700000000000000000e+02
-3.000000000000000000e+00,5.217391304347831493e-01,2.700000000000000000e+02
-3.000000000000000000e+00,3.478260869565215074e-01,2.700000000000000000e+02
-3.000000000000000000e+00,1.739130434782616419e-01,2.700000000000000000e+02
-3.000000000000000000e+00,0.000000000000000000e+00,2.700000000000000000e+02
-3.000000000000000000e+00,0.000000000000000000e+00,1.800000000000000000e+02
-3.000000000000000000e+00,0.000000000000000000e+00,1.800000000000000000e+02
-3.000000000000000000e+00,0.000000000000000000e+00,1.800000000000000000e+02
-3.000000000000000000e+00,0.000000000000000000e+00,1.800000000000000000e+02
-3.000000000000000000e+00,0.000000000000000000e+00,1.800000000000000000e+02
-3.000000000000000000e+00,0.000000000000000000e+00,1.800000000000000000e+02
-3.000000000000000000e+00,0.000000000000000000e+00,1.800000000000000000e+02
-3.000000000000000000e+00,0.000000000000000000e+00,1.800000000000000000e+02
-3.000000000000000000e+00,0.000000000000000000e+00,1.800000000000000000e+02
-3.000000000000000000e+00,0.000000000000000000e+00,1.800000000000000000e+02
-3.000000000000000000e+00,0.000000000000000000e+00,1.800000000000000000e+02
-3.000000000000000000e+00,0.000000000000000000e+00,1.800000000000000000e+02
-3.000000000000000000e+00,0.000000000000000000e+00,1.800000000000000000e+02
-3.000000000000000000e+00,0.000000000000000000e+00,1.800000000000000000e+02
-3.000000000000000000e+00,0.000000000000000000e+00,1.800000000000000000e+02
-3.000000000000000000e+00,0.000000000000000000e+00,1.800000000000000000e+02
-3.000000000000000000e+00,0.000000000000000000e+00,1.800000000000000000e+02
-3.000000000000000000e+00,0.000000000000000000e+00,1.800000000000000000e+02
-3.000000000000000000e+00,0.000000000000000000e+00,1.800000000000000000e+02
-3.000000000000000000e+00,0.000000000000000000e+00,1.800000000000000000e+02
-3.000000000000000000e+00,0.000000000000000000e+00,1.800000000000000000e+02
-3.000000000000000000e+00,0.000000000000000000e+00,1.800000000000000000e+02
-3.000000000000000000e+00,0.000000000000000000e+00,1.800000000000000000e+02
-3.000000000000000000e+00,0.000000000000000000e+00,1.800000000000000000e+02
-3.000000000000000000e+00,0.000000000000000000e+00,1.800000000000000000e+02
-3.000000000000000000e+00,0.000000000000000000e+00,1.800000000000000000e+02
-3.000000000000000000e+00,0.000000000000000000e+00,1.800000000000000000e+02
-3.000000000000000000e+00,0.000000000000000000e+00,1.800000000000000000e+02
-3.000000000000000000e+00,0.000000000000000000e+00,1.800000000000000000e+02
-3.000000000000000000e+00,0.000000000000000000e+00,1.800000000000000000e+02
-3.000000000000000000e+00,0.000000000000000000e+00,1.800000000000000000e+02
-3.130434782608695787e+00,0.000000000000000000e+00,1.800000000000000000e+02
-3.260869565217391131e+00,0.000000000000000000e+00,1.800000000000000000e+02
-3.391304347826086918e+00,0.000000000000000000e+00,1.800000000000000000e+02
-3.521739130434782705e+00,0.000000000000000000e+00,1.800000000000000000e+02
-3.652173913043478493e+00,0.000000000000000000e+00,1.800000000000000000e+02
-3.782608695652173836e+00,0.000000000000000000e+00,1.800000000000000000e+02
-3.913043478260869623e+00,0.000000000000000000e+00,1.800000000000000000e+02
-4.043478260869565410e+00,0.000000000000000000e+00,1.800000000000000000e+02
-4.173913043478260754e+00,0.000000000000000000e+00,1.800000000000000000e+02
-4.304347826086956985e+00,0.000000000000000000e+00,1.800000000000000000e+02
-4.434782608695652328e+00,0.000000000000000000e+00,1.800000000000000000e+02
-4.565217391304347672e+00,0.000000000000000000e+00,1.800000000000000000e+02
-4.695652173913043015e+00,0.000000000000000000e+00,1.800000000000000000e+02
-4.826086956521739246e+00,0.000000000000000000e+00,1.800000000000000000e+02
-4.956521739130434590e+00,0.000000000000000000e+00,1.800000000000000000e+02
-5.086956521739130821e+00,0.000000000000000000e+00,1.800000000000000000e+02
-5.217391304347826164e+00,0.000000000000000000e+00,1.800000000000000000e+02
-5.347826086956521507e+00,0.000000000000000000e+00,1.800000000000000000e+02
-5.478260869565216851e+00,0.000000000000000000e+00,1.800000000000000000e+02
-5.608695652173913082e+00,0.000000000000000000e+00,1.800000000000000000e+02
-5.739130434782608425e+00,0.000000000000000000e+00,1.800000000000000000e+02
-5.869565217391304657e+00,0.000000000000000000e+00,1.800000000000000000e+02
-6.000000000000000000e+00,0.000000000000000000e+00,1.800000000000000000e+02
-6.130434782608695343e+00,0.000000000000000000e+00,1.800000000000000000e+02
-6.260869565217390686e+00,0.000000000000000000e+00,1.800000000000000000e+02
-6.391304347826086918e+00,0.000000000000000000e+00,1.800000000000000000e+02
-6.521739130434783149e+00,0.000000000000000000e+00,1.800000000000000000e+02
-6.652173913043478493e+00,0.000000000000000000e+00,1.800000000000000000e+02
-6.782608695652173836e+00,0.000000000000000000e+00,1.800000000000000000e+02
-6.913043478260869179e+00,0.000000000000000000e+00,1.800000000000000000e+02
-7.043478260869565410e+00,0.000000000000000000e+00,1.800000000000000000e+02
-7.173913043478260754e+00,0.000000000000000000e+00,1.800000000000000000e+02
-7.304347826086956097e+00,0.000000000000000000e+00,1.800000000000000000e+02
-7.434782608695652328e+00,0.000000000000000000e+00,1.800000000000000000e+02
-7.565217391304347672e+00,0.000000000000000000e+00,1.800000000000000000e+02
-7.695652173913043015e+00,0.000000000000000000e+00,1.800000000000000000e+02
-7.826086956521739246e+00,0.000000000000000000e+00,1.800000000000000000e+02
-7.956521739130434590e+00,0.000000000000000000e+00,1.800000000000000000e+02
-8.086956521739129045e+00,0.000000000000000000e+00,1.800000000000000000e+02
-8.217391304347826164e+00,0.000000000000000000e+00,1.800000000000000000e+02
-8.347826086956521507e+00,0.000000000000000000e+00,1.800000000000000000e+02
-8.478260869565216851e+00,0.000000000000000000e+00,1.800000000000000000e+02
-8.608695652173913970e+00,0.000000000000000000e+00,1.800000000000000000e+02
-8.739130434782609314e+00,0.000000000000000000e+00,1.800000000000000000e+02
-8.869565217391304657e+00,0.000000000000000000e+00,1.800000000000000000e+02
-9.000000000000000000e+00,0.000000000000000000e+00,1.800000000000000000e+02
-9.130434782608695343e+00,0.000000000000000000e+00,1.800000000000000000e+02
-9.260869565217390686e+00,0.000000000000000000e+00,1.800000000000000000e+02
-9.391304347826086030e+00,0.000000000000000000e+00,1.800000000000000000e+02
-9.521739130434781373e+00,0.000000000000000000e+00,1.800000000000000000e+02
-9.652173913043478493e+00,0.000000000000000000e+00,1.800000000000000000e+02
-9.782608695652173836e+00,0.000000000000000000e+00,1.800000000000000000e+02
-9.913043478260869179e+00,0.000000000000000000e+00,1.800000000000000000e+02
-1.004347826086956630e+01,0.000000000000000000e+00,1.800000000000000000e+02
-1.017391304347826164e+01,0.000000000000000000e+00,1.800000000000000000e+02
-1.030434782608695699e+01,0.000000000000000000e+00,1.800000000000000000e+02
-1.043478260869565233e+01,0.000000000000000000e+00,1.800000000000000000e+02
-1.056521739130434767e+01,0.000000000000000000e+00,1.800000000000000000e+02
-1.069565217391304301e+01,0.000000000000000000e+00,1.800000000000000000e+02
-1.082608695652173836e+01,0.000000000000000000e+00,1.800000000000000000e+02
-1.095652173913043370e+01,0.000000000000000000e+00,1.800000000000000000e+02
-1.108695652173913082e+01,0.000000000000000000e+00,1.800000000000000000e+02
-1.121739130434782616e+01,0.000000000000000000e+00,1.800000000000000000e+02
-1.134782608695652151e+01,0.000000000000000000e+00,1.800000000000000000e+02
-1.147826086956521685e+01,0.000000000000000000e+00,1.800000000000000000e+02
-1.160869565217391219e+01,0.000000000000000000e+00,1.800000000000000000e+02
-1.173913043478260931e+01,0.000000000000000000e+00,1.800000000000000000e+02
-1.186956521739130466e+01,0.000000000000000000e+00,1.800000000000000000e+02
-1.200000000000000000e+01,0.000000000000000000e+00,1.800000000000000000e+02
-1.200000000000000000e+01,0.000000000000000000e+00,2.700000000000000000e+02
-1.200000000000000000e+01,-4.137931034482758563e-01,2.700000000000000000e+02
-1.200000000000000000e+01,-8.275862068965517127e-01,2.700000000000000000e+02
-1.200000000000000000e+01,-1.241379310344827624e+00,2.700000000000000000e+02
-1.200000000000000000e+01,-1.655172413793103425e+00,2.700000000000000000e+02
-1.200000000000000000e+01,-2.068965517241379448e+00,2.700000000000000000e+02
-1.200000000000000000e+01,-2.482758620689655249e+00,2.700000000000000000e+02
-1.200000000000000000e+01,-2.896551724137931050e+00,2.700000000000000000e+02
-1.200000000000000000e+01,-3.310344827586206851e+00,2.700000000000000000e+02
-1.200000000000000000e+01,-3.724137931034482651e+00,2.700000000000000000e+02
-1.200000000000000000e+01,-4.137931034482758896e+00,2.700000000000000000e+02
-1.200000000000000000e+01,-4.551724137931034697e+00,2.700000000000000000e+02
-1.200000000000000000e+01,-4.965517241379310498e+00,2.700000000000000000e+02
-1.200000000000000000e+01,-5.379310344827586299e+00,2.700000000000000000e+02
-1.200000000000000000e+01,-5.793103448275862100e+00,2.700000000000000000e+02
-1.200000000000000000e+01,-6.206896551724137900e+00,2.700000000000000000e+02
-1.200000000000000000e+01,-6.620689655172413701e+00,2.700000000000000000e+02
-1.200000000000000000e+01,-7.034482758620689502e+00,2.700000000000000000e+02
-1.200000000000000000e+01,-7.448275862068965303e+00,2.700000000000000000e+02
-1.200000000000000000e+01,-7.862068965517241104e+00,2.700000000000000000e+02
-1.200000000000000000e+01,-8.275862068965517793e+00,2.700000000000000000e+02
-1.200000000000000000e+01,-8.689655172413793593e+00,2.700000000000000000e+02
-1.200000000000000000e+01,-9.103448275862069394e+00,2.700000000000000000e+02
-1.200000000000000000e+01,-9.517241379310345195e+00,2.700000000000000000e+02
-1.200000000000000000e+01,-9.931034482758620996e+00,2.700000000000000000e+02
-1.200000000000000000e+01,-1.034482758620689680e+01,2.700000000000000000e+02
-1.200000000000000000e+01,-1.075862068965517260e+01,2.700000000000000000e+02
-1.200000000000000000e+01,-1.117241379310344840e+01,2.700000000000000000e+02
-1.200000000000000000e+01,-1.158620689655172420e+01,2.700000000000000000e+02
-1.200000000000000000e+01,-1.200000000000000000e+01,2.700000000000000000e+02
-1.200000000000000000e+01,-1.200000000000000000e+01,0.000000000000000000e+00
-1.150000000000000000e+01,-1.200000000000000000e+01,0.000000000000000000e+00
-1.100000000000000000e+01,-1.200000000000000000e+01,0.000000000000000000e+00
-1.050000000000000000e+01,-1.200000000000000000e+01,0.000000000000000000e+00
-1.000000000000000000e+01,-1.200000000000000000e+01,0.000000000000000000e+00
-9.500000000000000000e+00,-1.200000000000000000e+01,0.000000000000000000e+00
-9.000000000000000000e+00,-1.200000000000000000e+01,0.000000000000000000e+00
-8.500000000000000000e+00,-1.200000000000000000e+01,0.000000000000000000e+00
-8.000000000000000000e+00,-1.200000000000000000e+01,0.000000000000000000e+00
-7.500000000000000000e+00,-1.200000000000000000e+01,0.000000000000000000e+00
-7.000000000000000000e+00,-1.200000000000000000e+01,0.000000000000000000e+00
-6.500000000000000000e+00,-1.200000000000000000e+01,0.000000000000000000e+00
-6.000000000000000000e+00,-1.200000000000000000e+01,0.000000000000000000e+00
-5.500000000000000000e+00,-1.200000000000000000e+01,0.000000000000000000e+00
-5.000000000000000000e+00,-1.200000000000000000e+01,0.000000000000000000e+00
-4.500000000000000000e+00,-1.200000000000000000e+01,0.000000000000000000e+00
-4.000000000000000000e+00,-1.200000000000000000e+01,0.000000000000000000e+00
-3.500000000000000000e+00,-1.200000000000000000e+01,0.000000000000000000e+00
-3.000000000000000000e+00,-1.200000000000000000e+01,0.000000000000000000e+00
-2.500000000000000000e+00,-1.200000000000000000e+01,0.000000000000000000e+00
-2.000000000000000000e+00,-1.200000000000000000e+01,0.000000000000000000e+00
-1.500000000000000000e+00,-1.200000000000000000e+01,0.000000000000000000e+00
-1.000000000000000000e+00,-1.200000000000000000e+01,0.000000000000000000e+00
-5.000000000000000000e-01,-1.200000000000000000e+01,0.000000000000000000e+00
0.000000000000000000e+00,-1.200000000000000000e+01,0.000000000000000000e+00
5.000000000000000000e-01,-1.200000000000000000e+01,0.000000000000000000e+00
1.000000000000000000e+00,-1.200000000000000000e+01,0.000000000000000000e+00
1.500000000000000000e+00,-1.200000000000000000e+01,0.000000000000000000e+00
2.000000000000000000e+00,-1.200000000000000000e+01,0.000000000000000000e+00
2.500000000000000000e+00,-1.200000000000000000e+01,0.000000000000000000e+00
3.000000000000000000e+00,-1.200000000000000000e+01,0.000000000000000000e+00
3.500000000000000000e+00,-1.200000000000000000e+01,0.000000000000000000e+00
4.000000000000000000e+00,-1.200000000000000000e+01,0.000000000000000000e+00
4.500000000000000000e+00,-1.200000000000000000e+01,0.000000000000000000e+00
5.000000000000000000e+00,-1.200000000000000000e+01,0.000000000000000000e+00
5.500000000000000000e+00,-1.200000000000000000e+01,0.000000000000000000e+00
6.000000000000000000e+00,-1.200000000000000000e+01,0.000000000000000000e+00
6.500000000000000000e+00,-1.200000000000000000e+01,0.000000000000000000e+00
7.000000000000000000e+00,-1.200000000000000000e+01,0.000000000000000000e+00
7.500000000000000000e+00,-1.200000000000000000e+01,0.000000000000000000e+00
8.000000000000000000e+00,-1.200000000000000000e+01,0.000000000000000000e+00
8.000000000000000000e+00,-1.066666666666666607e+01,9.000000000000000000e+01
8.000000000000000000e+00,-9.333333333333333925e+00,9.000000000000000000e+01
8.000000000000000000e+00,-8.000000000000000000e+00,9.000000000000000000e+01
8.000000000000000000e+00,-6.666666666666666963e+00,9.000000000000000000e+01
8.000000000000000000e+00,-5.333333333333333925e+00,9.000000000000000000e+01
8.000000000000000000e+00,-4.000000000000000000e+00,9.000000000000000000e+01
8.000000000000000000e+00,-2.666666666666667851e+00,9.000000000000000000e+01
8.000000000000000000e+00,-1.333333333333333925e+00,9.000000000000000000e+01
8.000000000000000000e+00,0.000000000000000000e+00,9.000000000000000000e+01
